,Output_r_c_U,,chan_status1.csv
,K_c58_U,,chan_status2.csv
,P_c60_U,,chan_status3.csv
,S_c61_U,,chan_status4.csv
,fifo_norm_U,,chan_status5.csv
,fifo_norm_1_U,,chan_status6.csv
,fifo_norm_2_U,,chan_status7.csv
,fifo_norm_3_U,,chan_status8.csv
,fifo_norm_4_U,,chan_status9.csv
,fifo_norm_5_U,,chan_status10.csv
,fifo_norm_6_U,,chan_status11.csv
,fifo_norm_7_U,,chan_status12.csv
,fifo_norm_8_U,,chan_status13.csv
,fifo_norm_9_U,,chan_status14.csv
,fifo_norm_10_U,,chan_status15.csv
,fifo_norm_11_U,,chan_status16.csv
,fifo_norm_12_U,,chan_status17.csv
,fifo_norm_13_U,,chan_status18.csv
,fifo_norm_14_U,,chan_status19.csv
,fifo_norm_15_U,,chan_status20.csv
,fifo_norm_16_U,,chan_status21.csv
,fifo_norm_17_U,,chan_status22.csv
,fifo_norm_18_U,,chan_status23.csv
,fifo_norm_19_U,,chan_status24.csv
,fifo_norm_20_U,,chan_status25.csv
,fifo_norm_21_U,,chan_status26.csv
,fifo_norm_22_U,,chan_status27.csv
,fifo_norm_23_U,,chan_status28.csv
,fifo_norm_24_U,,chan_status29.csv
,fifo_norm_25_U,,chan_status30.csv
,fifo_norm_26_U,,chan_status31.csv
,fifo_norm_27_U,,chan_status32.csv
,fifo_norm_28_U,,chan_status33.csv
,fifo_norm_29_U,,chan_status34.csv
,fifo_norm_30_U,,chan_status35.csv
,fifo_norm_31_U,,chan_status36.csv
,fifo_norm_32_U,,chan_status37.csv
,fifo_norm_33_U,,chan_status38.csv
,fifo_norm_34_U,,chan_status39.csv
,fifo_norm_35_U,,chan_status40.csv
,fifo_norm_36_U,,chan_status41.csv
,fifo_norm_37_U,,chan_status42.csv
,fifo_norm_38_U,,chan_status43.csv
,fifo_norm_39_U,,chan_status44.csv
,fifo_norm_40_U,,chan_status45.csv
,fifo_norm_41_U,,chan_status46.csv
,fifo_norm_42_U,,chan_status47.csv
,fifo_norm_43_U,,chan_status48.csv
,fifo_norm_44_U,,chan_status49.csv
,fifo_norm_45_U,,chan_status50.csv
,fifo_norm_46_U,,chan_status51.csv
,fifo_norm_47_U,,chan_status52.csv
,fifo_norm_48_U,,chan_status53.csv
,fifo_norm_49_U,,chan_status54.csv
,fifo_norm_50_U,,chan_status55.csv
,fifo_norm_51_U,,chan_status56.csv
,fifo_norm_52_U,,chan_status57.csv
,fifo_norm_53_U,,chan_status58.csv
,fifo_norm_54_U,,chan_status59.csv
,fifo_norm_55_U,,chan_status60.csv
,fifo_norm_56_U,,chan_status61.csv
,fifo_norm_57_U,,chan_status62.csv
,fifo_norm_58_U,,chan_status63.csv
,fifo_norm_59_U,,chan_status64.csv
,fifo_norm_60_U,,chan_status65.csv
,fifo_norm_61_U,,chan_status66.csv
,fifo_norm_62_U,,chan_status67.csv
,fifo_norm_63_U,,chan_status68.csv
,fifo_norm_64_U,,chan_status69.csv
,fifo_norm_65_U,,chan_status70.csv
,fifo_norm_66_U,,chan_status71.csv
,fifo_norm_67_U,,chan_status72.csv
,fifo_norm_68_U,,chan_status73.csv
,fifo_norm_69_U,,chan_status74.csv
,fifo_norm_70_U,,chan_status75.csv
,fifo_norm_71_U,,chan_status76.csv
,fifo_norm_72_U,,chan_status77.csv
,fifo_norm_73_U,,chan_status78.csv
,fifo_norm_74_U,,chan_status79.csv
,fifo_norm_75_U,,chan_status80.csv
,fifo_norm_76_U,,chan_status81.csv
,fifo_norm_77_U,,chan_status82.csv
,fifo_norm_78_U,,chan_status83.csv
,fifo_norm_79_U,,chan_status84.csv
,fifo_norm_80_U,,chan_status85.csv
,fifo_norm_81_U,,chan_status86.csv
,fifo_norm_82_U,,chan_status87.csv
,fifo_norm_83_U,,chan_status88.csv
,fifo_norm_84_U,,chan_status89.csv
,fifo_norm_85_U,,chan_status90.csv
,fifo_norm_86_U,,chan_status91.csv
,fifo_norm_87_U,,chan_status92.csv
,fifo_norm_88_U,,chan_status93.csv
,fifo_norm_89_U,,chan_status94.csv
,fifo_norm_90_U,,chan_status95.csv
,fifo_norm_91_U,,chan_status96.csv
,fifo_norm_92_U,,chan_status97.csv
,fifo_norm_93_U,,chan_status98.csv
,fifo_norm_94_U,,chan_status99.csv
,fifo_norm_95_U,,chan_status100.csv
,fifo_norm_96_U,,chan_status101.csv
,fifo_norm_97_U,,chan_status102.csv
,fifo_norm_98_U,,chan_status103.csv
,fifo_norm_99_U,,chan_status104.csv
,fifo_norm_100_U,,chan_status105.csv
,fifo_norm_101_U,,chan_status106.csv
,fifo_norm_102_U,,chan_status107.csv
,fifo_norm_103_U,,chan_status108.csv
,fifo_norm_104_U,,chan_status109.csv
,fifo_norm_105_U,,chan_status110.csv
,fifo_norm_106_U,,chan_status111.csv
,fifo_norm_107_U,,chan_status112.csv
,fifo_norm_108_U,,chan_status113.csv
,fifo_norm_109_U,,chan_status114.csv
,fifo_norm_110_U,,chan_status115.csv
,fifo_norm_111_U,,chan_status116.csv
,fifo_norm_112_U,,chan_status117.csv
,fifo_norm_113_U,,chan_status118.csv
,fifo_norm_114_U,,chan_status119.csv
,fifo_norm_115_U,,chan_status120.csv
,fifo_norm_116_U,,chan_status121.csv
,fifo_norm_117_U,,chan_status122.csv
,fifo_norm_118_U,,chan_status123.csv
,fifo_norm_119_U,,chan_status124.csv
,fifo_norm_120_U,,chan_status125.csv
,fifo_norm_121_U,,chan_status126.csv
,fifo_norm_122_U,,chan_status127.csv
,fifo_norm_123_U,,chan_status128.csv
,fifo_norm_124_U,,chan_status129.csv
,fifo_norm_125_U,,chan_status130.csv
,fifo_norm_126_U,,chan_status131.csv
,fifo_norm_127_U,,chan_status132.csv
,fifo_bias_U,,chan_status133.csv
,fifo_bias_1_U,,chan_status134.csv
,fifo_bias_2_U,,chan_status135.csv
,fifo_bias_3_U,,chan_status136.csv
,fifo_bias_4_U,,chan_status137.csv
,fifo_bias_5_U,,chan_status138.csv
,fifo_bias_6_U,,chan_status139.csv
,fifo_bias_7_U,,chan_status140.csv
,fifo_bias_8_U,,chan_status141.csv
,fifo_bias_9_U,,chan_status142.csv
,fifo_bias_10_U,,chan_status143.csv
,fifo_bias_11_U,,chan_status144.csv
,fifo_bias_12_U,,chan_status145.csv
,fifo_bias_13_U,,chan_status146.csv
,fifo_bias_14_U,,chan_status147.csv
,fifo_bias_15_U,,chan_status148.csv
,fifo_bias_16_U,,chan_status149.csv
,fifo_bias_17_U,,chan_status150.csv
,fifo_bias_18_U,,chan_status151.csv
,fifo_bias_19_U,,chan_status152.csv
,fifo_bias_20_U,,chan_status153.csv
,fifo_bias_21_U,,chan_status154.csv
,fifo_bias_22_U,,chan_status155.csv
,fifo_bias_23_U,,chan_status156.csv
,fifo_bias_24_U,,chan_status157.csv
,fifo_bias_25_U,,chan_status158.csv
,fifo_bias_26_U,,chan_status159.csv
,fifo_bias_27_U,,chan_status160.csv
,fifo_bias_28_U,,chan_status161.csv
,fifo_bias_29_U,,chan_status162.csv
,fifo_bias_30_U,,chan_status163.csv
,fifo_bias_31_U,,chan_status164.csv
,fifo_bias_32_U,,chan_status165.csv
,fifo_bias_33_U,,chan_status166.csv
,fifo_bias_34_U,,chan_status167.csv
,fifo_bias_35_U,,chan_status168.csv
,fifo_bias_36_U,,chan_status169.csv
,fifo_bias_37_U,,chan_status170.csv
,fifo_bias_38_U,,chan_status171.csv
,fifo_bias_39_U,,chan_status172.csv
,fifo_bias_40_U,,chan_status173.csv
,fifo_bias_41_U,,chan_status174.csv
,fifo_bias_42_U,,chan_status175.csv
,fifo_bias_43_U,,chan_status176.csv
,fifo_bias_44_U,,chan_status177.csv
,fifo_bias_45_U,,chan_status178.csv
,fifo_bias_46_U,,chan_status179.csv
,fifo_bias_47_U,,chan_status180.csv
,fifo_bias_48_U,,chan_status181.csv
,fifo_bias_49_U,,chan_status182.csv
,fifo_bias_50_U,,chan_status183.csv
,fifo_bias_51_U,,chan_status184.csv
,fifo_bias_52_U,,chan_status185.csv
,fifo_bias_53_U,,chan_status186.csv
,fifo_bias_54_U,,chan_status187.csv
,fifo_bias_55_U,,chan_status188.csv
,fifo_bias_56_U,,chan_status189.csv
,fifo_bias_57_U,,chan_status190.csv
,fifo_bias_58_U,,chan_status191.csv
,fifo_bias_59_U,,chan_status192.csv
,fifo_bias_60_U,,chan_status193.csv
,fifo_bias_61_U,,chan_status194.csv
,fifo_bias_62_U,,chan_status195.csv
,fifo_bias_63_U,,chan_status196.csv
,fifo_bias_64_U,,chan_status197.csv
,fifo_bias_65_U,,chan_status198.csv
,fifo_bias_66_U,,chan_status199.csv
,fifo_bias_67_U,,chan_status200.csv
,fifo_bias_68_U,,chan_status201.csv
,fifo_bias_69_U,,chan_status202.csv
,fifo_bias_70_U,,chan_status203.csv
,fifo_bias_71_U,,chan_status204.csv
,fifo_bias_72_U,,chan_status205.csv
,fifo_bias_73_U,,chan_status206.csv
,fifo_bias_74_U,,chan_status207.csv
,fifo_bias_75_U,,chan_status208.csv
,fifo_bias_76_U,,chan_status209.csv
,fifo_bias_77_U,,chan_status210.csv
,fifo_bias_78_U,,chan_status211.csv
,fifo_bias_79_U,,chan_status212.csv
,fifo_bias_80_U,,chan_status213.csv
,fifo_bias_81_U,,chan_status214.csv
,fifo_bias_82_U,,chan_status215.csv
,fifo_bias_83_U,,chan_status216.csv
,fifo_bias_84_U,,chan_status217.csv
,fifo_bias_85_U,,chan_status218.csv
,fifo_bias_86_U,,chan_status219.csv
,fifo_bias_87_U,,chan_status220.csv
,fifo_bias_88_U,,chan_status221.csv
,fifo_bias_89_U,,chan_status222.csv
,fifo_bias_90_U,,chan_status223.csv
,fifo_bias_91_U,,chan_status224.csv
,fifo_bias_92_U,,chan_status225.csv
,fifo_bias_93_U,,chan_status226.csv
,fifo_bias_94_U,,chan_status227.csv
,fifo_bias_95_U,,chan_status228.csv
,fifo_bias_96_U,,chan_status229.csv
,fifo_bias_97_U,,chan_status230.csv
,fifo_bias_98_U,,chan_status231.csv
,fifo_bias_99_U,,chan_status232.csv
,fifo_bias_100_U,,chan_status233.csv
,fifo_bias_101_U,,chan_status234.csv
,fifo_bias_102_U,,chan_status235.csv
,fifo_bias_103_U,,chan_status236.csv
,fifo_bias_104_U,,chan_status237.csv
,fifo_bias_105_U,,chan_status238.csv
,fifo_bias_106_U,,chan_status239.csv
,fifo_bias_107_U,,chan_status240.csv
,fifo_bias_108_U,,chan_status241.csv
,fifo_bias_109_U,,chan_status242.csv
,fifo_bias_110_U,,chan_status243.csv
,fifo_bias_111_U,,chan_status244.csv
,fifo_bias_112_U,,chan_status245.csv
,fifo_bias_113_U,,chan_status246.csv
,fifo_bias_114_U,,chan_status247.csv
,fifo_bias_115_U,,chan_status248.csv
,fifo_bias_116_U,,chan_status249.csv
,fifo_bias_117_U,,chan_status250.csv
,fifo_bias_118_U,,chan_status251.csv
,fifo_bias_119_U,,chan_status252.csv
,fifo_bias_120_U,,chan_status253.csv
,fifo_bias_121_U,,chan_status254.csv
,fifo_bias_122_U,,chan_status255.csv
,fifo_bias_123_U,,chan_status256.csv
,fifo_bias_124_U,,chan_status257.csv
,fifo_bias_125_U,,chan_status258.csv
,fifo_bias_126_U,,chan_status259.csv
,fifo_bias_127_U,,chan_status260.csv
,conv_a_U,,chan_status261.csv
,mm_a_U,,chan_status262.csv
,R_c46_U,,chan_status263.csv
,C_c48_U,,chan_status264.csv
,N_c51_U,,chan_status265.csv
,M_c56_U,,chan_status266.csv
,mode_c72_U,,chan_status267.csv
,conv3_samepad_U,,chan_status268.csv
,R_c45_U,,chan_status269.csv
,C_c47_U,,chan_status270.csv
,N_c50_U,,chan_status271.csv
,M_c55_U,,chan_status272.csv
,P_c59_U,,chan_status273.csv
,mode_c71_U,,chan_status274.csv
,conv3_sild_U,,chan_status275.csv
,R_c44_U,,chan_status276.csv
,C_c_U,,chan_status277.csv
,N_c49_U,,chan_status278.csv
,M_c54_U,,chan_status279.csv
,K_c57_U,,chan_status280.csv
,P_c_U,,chan_status281.csv
,S_c_U,,chan_status282.csv
,mode_c70_U,,chan_status283.csv
,fifo_SA_A_U,,chan_status284.csv
,fifo_SA_A_1_U,,chan_status285.csv
,fifo_SA_A_2_U,,chan_status286.csv
,fifo_SA_A_3_U,,chan_status287.csv
,fifo_SA_A_4_U,,chan_status288.csv
,fifo_SA_A_5_U,,chan_status289.csv
,fifo_SA_A_6_U,,chan_status290.csv
,fifo_SA_A_7_U,,chan_status291.csv
,fifo_SA_A_8_U,,chan_status292.csv
,fifo_SA_A_9_U,,chan_status293.csv
,fifo_SA_A_10_U,,chan_status294.csv
,fifo_SA_A_11_U,,chan_status295.csv
,fifo_SA_A_12_U,,chan_status296.csv
,fifo_SA_A_13_U,,chan_status297.csv
,fifo_SA_A_14_U,,chan_status298.csv
,fifo_SA_A_15_U,,chan_status299.csv
,num_a_sa_2_loc_c43_channel_U,,chan_status300.csv
,num_a_sa_2_loc_c42_U,,chan_status301.csv
,mode_c66_U,,chan_status302.csv
,fifo_conv_w_U,,chan_status303.csv
,fifo_conv_w_1_U,,chan_status304.csv
,fifo_conv_w_2_U,,chan_status305.csv
,fifo_conv_w_3_U,,chan_status306.csv
,fifo_mm_w_U,,chan_status307.csv
,mode_c68_U,,chan_status308.csv
,mode_c69_U,,chan_status309.csv
,Conv_SA_W_U,,chan_status310.csv
,Conv_SA_W_1_U,,chan_status311.csv
,Conv_SA_W_2_U,,chan_status312.csv
,Conv_SA_W_3_U,,chan_status313.csv
,Conv_SA_W_4_U,,chan_status314.csv
,Conv_SA_W_5_U,,chan_status315.csv
,Conv_SA_W_6_U,,chan_status316.csv
,Conv_SA_W_7_U,,chan_status317.csv
,Conv_SA_W_8_U,,chan_status318.csv
,Conv_SA_W_9_U,,chan_status319.csv
,Conv_SA_W_10_U,,chan_status320.csv
,Conv_SA_W_11_U,,chan_status321.csv
,Conv_SA_W_12_U,,chan_status322.csv
,Conv_SA_W_13_U,,chan_status323.csv
,Conv_SA_W_14_U,,chan_status324.csv
,Conv_SA_W_15_U,,chan_status325.csv
,num_w_sa_loc_c36_channel_U,,chan_status326.csv
,num_w_sa_loc_c_U,,chan_status327.csv
,mode_c67_U,,chan_status328.csv
,MM_SA_W_U,,chan_status329.csv
,MM_SA_W_1_U,,chan_status330.csv
,MM_SA_W_2_U,,chan_status331.csv
,MM_SA_W_3_U,,chan_status332.csv
,MM_SA_W_4_U,,chan_status333.csv
,MM_SA_W_5_U,,chan_status334.csv
,MM_SA_W_6_U,,chan_status335.csv
,MM_SA_W_7_U,,chan_status336.csv
,MM_SA_W_8_U,,chan_status337.csv
,MM_SA_W_9_U,,chan_status338.csv
,MM_SA_W_10_U,,chan_status339.csv
,MM_SA_W_11_U,,chan_status340.csv
,MM_SA_W_12_U,,chan_status341.csv
,MM_SA_W_13_U,,chan_status342.csv
,MM_SA_W_14_U,,chan_status343.csv
,MM_SA_W_15_U,,chan_status344.csv
,num_w_sa_loc_c35_channel_U,,chan_status345.csv
,fifo_SA_W_U,,chan_status346.csv
,fifo_SA_W_1_U,,chan_status347.csv
,fifo_SA_W_2_U,,chan_status348.csv
,fifo_SA_W_3_U,,chan_status349.csv
,fifo_SA_W_4_U,,chan_status350.csv
,fifo_SA_W_5_U,,chan_status351.csv
,fifo_SA_W_6_U,,chan_status352.csv
,fifo_SA_W_7_U,,chan_status353.csv
,fifo_SA_W_8_U,,chan_status354.csv
,fifo_SA_W_9_U,,chan_status355.csv
,fifo_SA_W_10_U,,chan_status356.csv
,fifo_SA_W_11_U,,chan_status357.csv
,fifo_SA_W_12_U,,chan_status358.csv
,fifo_SA_W_13_U,,chan_status359.csv
,fifo_SA_W_14_U,,chan_status360.csv
,fifo_SA_W_15_U,,chan_status361.csv
,fifo_SA_O_U,,chan_status362.csv
,fifo_SA_O_1_U,,chan_status363.csv
,fifo_SA_O_2_U,,chan_status364.csv
,fifo_SA_O_3_U,,chan_status365.csv
,fifo_SA_O_4_U,,chan_status366.csv
,fifo_SA_O_5_U,,chan_status367.csv
,fifo_SA_O_6_U,,chan_status368.csv
,fifo_SA_O_7_U,,chan_status369.csv
,fifo_SA_O_8_U,,chan_status370.csv
,fifo_SA_O_9_U,,chan_status371.csv
,fifo_SA_O_10_U,,chan_status372.csv
,fifo_SA_O_11_U,,chan_status373.csv
,fifo_SA_O_12_U,,chan_status374.csv
,fifo_SA_O_13_U,,chan_status375.csv
,fifo_SA_O_14_U,,chan_status376.csv
,fifo_SA_O_15_U,,chan_status377.csv
,fifo_SA_O_16_U,,chan_status378.csv
,fifo_SA_O_17_U,,chan_status379.csv
,fifo_SA_O_18_U,,chan_status380.csv
,fifo_SA_O_19_U,,chan_status381.csv
,fifo_SA_O_20_U,,chan_status382.csv
,fifo_SA_O_21_U,,chan_status383.csv
,fifo_SA_O_22_U,,chan_status384.csv
,fifo_SA_O_23_U,,chan_status385.csv
,fifo_SA_O_24_U,,chan_status386.csv
,fifo_SA_O_25_U,,chan_status387.csv
,fifo_SA_O_26_U,,chan_status388.csv
,fifo_SA_O_27_U,,chan_status389.csv
,fifo_SA_O_28_U,,chan_status390.csv
,fifo_SA_O_29_U,,chan_status391.csv
,fifo_SA_O_30_U,,chan_status392.csv
,fifo_SA_O_31_U,,chan_status393.csv
,fifo_SA_O_32_U,,chan_status394.csv
,fifo_SA_O_33_U,,chan_status395.csv
,fifo_SA_O_34_U,,chan_status396.csv
,fifo_SA_O_35_U,,chan_status397.csv
,fifo_SA_O_36_U,,chan_status398.csv
,fifo_SA_O_37_U,,chan_status399.csv
,fifo_SA_O_38_U,,chan_status400.csv
,fifo_SA_O_39_U,,chan_status401.csv
,fifo_SA_O_40_U,,chan_status402.csv
,fifo_SA_O_41_U,,chan_status403.csv
,fifo_SA_O_42_U,,chan_status404.csv
,fifo_SA_O_43_U,,chan_status405.csv
,fifo_SA_O_44_U,,chan_status406.csv
,fifo_SA_O_45_U,,chan_status407.csv
,fifo_SA_O_46_U,,chan_status408.csv
,fifo_SA_O_47_U,,chan_status409.csv
,fifo_SA_O_48_U,,chan_status410.csv
,fifo_SA_O_49_U,,chan_status411.csv
,fifo_SA_O_50_U,,chan_status412.csv
,fifo_SA_O_51_U,,chan_status413.csv
,fifo_SA_O_52_U,,chan_status414.csv
,fifo_SA_O_53_U,,chan_status415.csv
,fifo_SA_O_54_U,,chan_status416.csv
,fifo_SA_O_55_U,,chan_status417.csv
,fifo_SA_O_56_U,,chan_status418.csv
,fifo_SA_O_57_U,,chan_status419.csv
,fifo_SA_O_58_U,,chan_status420.csv
,fifo_SA_O_59_U,,chan_status421.csv
,fifo_SA_O_60_U,,chan_status422.csv
,fifo_SA_O_61_U,,chan_status423.csv
,fifo_SA_O_62_U,,chan_status424.csv
,fifo_SA_O_63_U,,chan_status425.csv
,out_c_1_loc_c41_channel_U,,chan_status426.csv
,out_c_1_loc_c40_U,,chan_status427.csv
,num_a_sa_2_loc_c_U,,chan_status428.csv
,mode_c65_U,,chan_status429.csv
,fifo_CONV3_ACC_U,,chan_status430.csv
,fifo_CONV3_ACC_1_U,,chan_status431.csv
,fifo_CONV3_ACC_2_U,,chan_status432.csv
,fifo_CONV3_ACC_3_U,,chan_status433.csv
,fifo_CONV3_ACC_4_U,,chan_status434.csv
,fifo_CONV3_ACC_5_U,,chan_status435.csv
,fifo_CONV3_ACC_6_U,,chan_status436.csv
,fifo_CONV3_ACC_7_U,,chan_status437.csv
,fifo_CONV3_ACC_8_U,,chan_status438.csv
,fifo_CONV3_ACC_9_U,,chan_status439.csv
,fifo_CONV3_ACC_10_U,,chan_status440.csv
,fifo_CONV3_ACC_11_U,,chan_status441.csv
,fifo_CONV3_ACC_12_U,,chan_status442.csv
,fifo_CONV3_ACC_13_U,,chan_status443.csv
,fifo_CONV3_ACC_14_U,,chan_status444.csv
,fifo_CONV3_ACC_15_U,,chan_status445.csv
,MM_OUT_U,,chan_status446.csv
,MM_OUT_1_U,,chan_status447.csv
,MM_OUT_2_U,,chan_status448.csv
,MM_OUT_3_U,,chan_status449.csv
,MM_OUT_4_U,,chan_status450.csv
,MM_OUT_5_U,,chan_status451.csv
,MM_OUT_6_U,,chan_status452.csv
,MM_OUT_7_U,,chan_status453.csv
,MM_OUT_8_U,,chan_status454.csv
,MM_OUT_9_U,,chan_status455.csv
,MM_OUT_10_U,,chan_status456.csv
,MM_OUT_11_U,,chan_status457.csv
,MM_OUT_12_U,,chan_status458.csv
,MM_OUT_13_U,,chan_status459.csv
,MM_OUT_14_U,,chan_status460.csv
,MM_OUT_15_U,,chan_status461.csv
,R_c_U,,chan_status462.csv
,N_c_U,,chan_status463.csv
,mode_c64_U,,chan_status464.csv
,CONV3_OUT_U,,chan_status465.csv
,CONV3_OUT_1_U,,chan_status466.csv
,CONV3_OUT_2_U,,chan_status467.csv
,CONV3_OUT_3_U,,chan_status468.csv
,CONV3_OUT_4_U,,chan_status469.csv
,CONV3_OUT_5_U,,chan_status470.csv
,CONV3_OUT_6_U,,chan_status471.csv
,CONV3_OUT_7_U,,chan_status472.csv
,CONV3_OUT_8_U,,chan_status473.csv
,CONV3_OUT_9_U,,chan_status474.csv
,CONV3_OUT_10_U,,chan_status475.csv
,CONV3_OUT_11_U,,chan_status476.csv
,CONV3_OUT_12_U,,chan_status477.csv
,CONV3_OUT_13_U,,chan_status478.csv
,CONV3_OUT_14_U,,chan_status479.csv
,CONV3_OUT_15_U,,chan_status480.csv
,CONV3_OUT_16_U,,chan_status481.csv
,CONV3_OUT_17_U,,chan_status482.csv
,CONV3_OUT_18_U,,chan_status483.csv
,CONV3_OUT_19_U,,chan_status484.csv
,CONV3_OUT_20_U,,chan_status485.csv
,CONV3_OUT_21_U,,chan_status486.csv
,CONV3_OUT_22_U,,chan_status487.csv
,CONV3_OUT_23_U,,chan_status488.csv
,CONV3_OUT_24_U,,chan_status489.csv
,CONV3_OUT_25_U,,chan_status490.csv
,CONV3_OUT_26_U,,chan_status491.csv
,CONV3_OUT_27_U,,chan_status492.csv
,CONV3_OUT_28_U,,chan_status493.csv
,CONV3_OUT_29_U,,chan_status494.csv
,CONV3_OUT_30_U,,chan_status495.csv
,CONV3_OUT_31_U,,chan_status496.csv
,CONV3_OUT_32_U,,chan_status497.csv
,CONV3_OUT_33_U,,chan_status498.csv
,CONV3_OUT_34_U,,chan_status499.csv
,CONV3_OUT_35_U,,chan_status500.csv
,CONV3_OUT_36_U,,chan_status501.csv
,CONV3_OUT_37_U,,chan_status502.csv
,CONV3_OUT_38_U,,chan_status503.csv
,CONV3_OUT_39_U,,chan_status504.csv
,CONV3_OUT_40_U,,chan_status505.csv
,CONV3_OUT_41_U,,chan_status506.csv
,CONV3_OUT_42_U,,chan_status507.csv
,CONV3_OUT_43_U,,chan_status508.csv
,CONV3_OUT_44_U,,chan_status509.csv
,CONV3_OUT_45_U,,chan_status510.csv
,CONV3_OUT_46_U,,chan_status511.csv
,CONV3_OUT_47_U,,chan_status512.csv
,CONV3_OUT_48_U,,chan_status513.csv
,CONV3_OUT_49_U,,chan_status514.csv
,CONV3_OUT_50_U,,chan_status515.csv
,CONV3_OUT_51_U,,chan_status516.csv
,CONV3_OUT_52_U,,chan_status517.csv
,CONV3_OUT_53_U,,chan_status518.csv
,CONV3_OUT_54_U,,chan_status519.csv
,CONV3_OUT_55_U,,chan_status520.csv
,CONV3_OUT_56_U,,chan_status521.csv
,CONV3_OUT_57_U,,chan_status522.csv
,CONV3_OUT_58_U,,chan_status523.csv
,CONV3_OUT_59_U,,chan_status524.csv
,CONV3_OUT_60_U,,chan_status525.csv
,CONV3_OUT_61_U,,chan_status526.csv
,CONV3_OUT_62_U,,chan_status527.csv
,CONV3_OUT_63_U,,chan_status528.csv
,CONV3_OUT_64_U,,chan_status529.csv
,CONV3_OUT_65_U,,chan_status530.csv
,CONV3_OUT_66_U,,chan_status531.csv
,CONV3_OUT_67_U,,chan_status532.csv
,CONV3_OUT_68_U,,chan_status533.csv
,CONV3_OUT_69_U,,chan_status534.csv
,CONV3_OUT_70_U,,chan_status535.csv
,CONV3_OUT_71_U,,chan_status536.csv
,CONV3_OUT_72_U,,chan_status537.csv
,CONV3_OUT_73_U,,chan_status538.csv
,CONV3_OUT_74_U,,chan_status539.csv
,CONV3_OUT_75_U,,chan_status540.csv
,CONV3_OUT_76_U,,chan_status541.csv
,CONV3_OUT_77_U,,chan_status542.csv
,CONV3_OUT_78_U,,chan_status543.csv
,CONV3_OUT_79_U,,chan_status544.csv
,CONV3_OUT_80_U,,chan_status545.csv
,CONV3_OUT_81_U,,chan_status546.csv
,CONV3_OUT_82_U,,chan_status547.csv
,CONV3_OUT_83_U,,chan_status548.csv
,CONV3_OUT_84_U,,chan_status549.csv
,CONV3_OUT_85_U,,chan_status550.csv
,CONV3_OUT_86_U,,chan_status551.csv
,CONV3_OUT_87_U,,chan_status552.csv
,CONV3_OUT_88_U,,chan_status553.csv
,CONV3_OUT_89_U,,chan_status554.csv
,CONV3_OUT_90_U,,chan_status555.csv
,CONV3_OUT_91_U,,chan_status556.csv
,CONV3_OUT_92_U,,chan_status557.csv
,CONV3_OUT_93_U,,chan_status558.csv
,CONV3_OUT_94_U,,chan_status559.csv
,CONV3_OUT_95_U,,chan_status560.csv
,CONV3_OUT_96_U,,chan_status561.csv
,CONV3_OUT_97_U,,chan_status562.csv
,CONV3_OUT_98_U,,chan_status563.csv
,CONV3_OUT_99_U,,chan_status564.csv
,CONV3_OUT_100_U,,chan_status565.csv
,CONV3_OUT_101_U,,chan_status566.csv
,CONV3_OUT_102_U,,chan_status567.csv
,CONV3_OUT_103_U,,chan_status568.csv
,CONV3_OUT_104_U,,chan_status569.csv
,CONV3_OUT_105_U,,chan_status570.csv
,CONV3_OUT_106_U,,chan_status571.csv
,CONV3_OUT_107_U,,chan_status572.csv
,CONV3_OUT_108_U,,chan_status573.csv
,CONV3_OUT_109_U,,chan_status574.csv
,CONV3_OUT_110_U,,chan_status575.csv
,CONV3_OUT_111_U,,chan_status576.csv
,CONV3_OUT_112_U,,chan_status577.csv
,CONV3_OUT_113_U,,chan_status578.csv
,CONV3_OUT_114_U,,chan_status579.csv
,CONV3_OUT_115_U,,chan_status580.csv
,CONV3_OUT_116_U,,chan_status581.csv
,CONV3_OUT_117_U,,chan_status582.csv
,CONV3_OUT_118_U,,chan_status583.csv
,CONV3_OUT_119_U,,chan_status584.csv
,CONV3_OUT_120_U,,chan_status585.csv
,CONV3_OUT_121_U,,chan_status586.csv
,CONV3_OUT_122_U,,chan_status587.csv
,CONV3_OUT_123_U,,chan_status588.csv
,CONV3_OUT_124_U,,chan_status589.csv
,CONV3_OUT_125_U,,chan_status590.csv
,CONV3_OUT_126_U,,chan_status591.csv
,CONV3_OUT_127_U,,chan_status592.csv
,out_r_1_loc_c38_channel_U,,chan_status593.csv
,out_r_1_loc_c37_U,,chan_status594.csv
,out_c_1_loc_c39_U,,chan_status595.csv
,M_c53_U,,chan_status596.csv
,K_c_U,,chan_status597.csv
,mode_c63_U,,chan_status598.csv
,CONV3_BIAS_U,,chan_status599.csv
,CONV3_BIAS_1_U,,chan_status600.csv
,CONV3_BIAS_2_U,,chan_status601.csv
,CONV3_BIAS_3_U,,chan_status602.csv
,CONV3_BIAS_4_U,,chan_status603.csv
,CONV3_BIAS_5_U,,chan_status604.csv
,CONV3_BIAS_6_U,,chan_status605.csv
,CONV3_BIAS_7_U,,chan_status606.csv
,CONV3_BIAS_8_U,,chan_status607.csv
,CONV3_BIAS_9_U,,chan_status608.csv
,CONV3_BIAS_10_U,,chan_status609.csv
,CONV3_BIAS_11_U,,chan_status610.csv
,CONV3_BIAS_12_U,,chan_status611.csv
,CONV3_BIAS_13_U,,chan_status612.csv
,CONV3_BIAS_14_U,,chan_status613.csv
,CONV3_BIAS_15_U,,chan_status614.csv
,CONV3_BIAS_16_U,,chan_status615.csv
,CONV3_BIAS_17_U,,chan_status616.csv
,CONV3_BIAS_18_U,,chan_status617.csv
,CONV3_BIAS_19_U,,chan_status618.csv
,CONV3_BIAS_20_U,,chan_status619.csv
,CONV3_BIAS_21_U,,chan_status620.csv
,CONV3_BIAS_22_U,,chan_status621.csv
,CONV3_BIAS_23_U,,chan_status622.csv
,CONV3_BIAS_24_U,,chan_status623.csv
,CONV3_BIAS_25_U,,chan_status624.csv
,CONV3_BIAS_26_U,,chan_status625.csv
,CONV3_BIAS_27_U,,chan_status626.csv
,CONV3_BIAS_28_U,,chan_status627.csv
,CONV3_BIAS_29_U,,chan_status628.csv
,CONV3_BIAS_30_U,,chan_status629.csv
,CONV3_BIAS_31_U,,chan_status630.csv
,CONV3_BIAS_32_U,,chan_status631.csv
,CONV3_BIAS_33_U,,chan_status632.csv
,CONV3_BIAS_34_U,,chan_status633.csv
,CONV3_BIAS_35_U,,chan_status634.csv
,CONV3_BIAS_36_U,,chan_status635.csv
,CONV3_BIAS_37_U,,chan_status636.csv
,CONV3_BIAS_38_U,,chan_status637.csv
,CONV3_BIAS_39_U,,chan_status638.csv
,CONV3_BIAS_40_U,,chan_status639.csv
,CONV3_BIAS_41_U,,chan_status640.csv
,CONV3_BIAS_42_U,,chan_status641.csv
,CONV3_BIAS_43_U,,chan_status642.csv
,CONV3_BIAS_44_U,,chan_status643.csv
,CONV3_BIAS_45_U,,chan_status644.csv
,CONV3_BIAS_46_U,,chan_status645.csv
,CONV3_BIAS_47_U,,chan_status646.csv
,CONV3_BIAS_48_U,,chan_status647.csv
,CONV3_BIAS_49_U,,chan_status648.csv
,CONV3_BIAS_50_U,,chan_status649.csv
,CONV3_BIAS_51_U,,chan_status650.csv
,CONV3_BIAS_52_U,,chan_status651.csv
,CONV3_BIAS_53_U,,chan_status652.csv
,CONV3_BIAS_54_U,,chan_status653.csv
,CONV3_BIAS_55_U,,chan_status654.csv
,CONV3_BIAS_56_U,,chan_status655.csv
,CONV3_BIAS_57_U,,chan_status656.csv
,CONV3_BIAS_58_U,,chan_status657.csv
,CONV3_BIAS_59_U,,chan_status658.csv
,CONV3_BIAS_60_U,,chan_status659.csv
,CONV3_BIAS_61_U,,chan_status660.csv
,CONV3_BIAS_62_U,,chan_status661.csv
,CONV3_BIAS_63_U,,chan_status662.csv
,CONV3_BIAS_64_U,,chan_status663.csv
,CONV3_BIAS_65_U,,chan_status664.csv
,CONV3_BIAS_66_U,,chan_status665.csv
,CONV3_BIAS_67_U,,chan_status666.csv
,CONV3_BIAS_68_U,,chan_status667.csv
,CONV3_BIAS_69_U,,chan_status668.csv
,CONV3_BIAS_70_U,,chan_status669.csv
,CONV3_BIAS_71_U,,chan_status670.csv
,CONV3_BIAS_72_U,,chan_status671.csv
,CONV3_BIAS_73_U,,chan_status672.csv
,CONV3_BIAS_74_U,,chan_status673.csv
,CONV3_BIAS_75_U,,chan_status674.csv
,CONV3_BIAS_76_U,,chan_status675.csv
,CONV3_BIAS_77_U,,chan_status676.csv
,CONV3_BIAS_78_U,,chan_status677.csv
,CONV3_BIAS_79_U,,chan_status678.csv
,CONV3_BIAS_80_U,,chan_status679.csv
,CONV3_BIAS_81_U,,chan_status680.csv
,CONV3_BIAS_82_U,,chan_status681.csv
,CONV3_BIAS_83_U,,chan_status682.csv
,CONV3_BIAS_84_U,,chan_status683.csv
,CONV3_BIAS_85_U,,chan_status684.csv
,CONV3_BIAS_86_U,,chan_status685.csv
,CONV3_BIAS_87_U,,chan_status686.csv
,CONV3_BIAS_88_U,,chan_status687.csv
,CONV3_BIAS_89_U,,chan_status688.csv
,CONV3_BIAS_90_U,,chan_status689.csv
,CONV3_BIAS_91_U,,chan_status690.csv
,CONV3_BIAS_92_U,,chan_status691.csv
,CONV3_BIAS_93_U,,chan_status692.csv
,CONV3_BIAS_94_U,,chan_status693.csv
,CONV3_BIAS_95_U,,chan_status694.csv
,CONV3_BIAS_96_U,,chan_status695.csv
,CONV3_BIAS_97_U,,chan_status696.csv
,CONV3_BIAS_98_U,,chan_status697.csv
,CONV3_BIAS_99_U,,chan_status698.csv
,CONV3_BIAS_100_U,,chan_status699.csv
,CONV3_BIAS_101_U,,chan_status700.csv
,CONV3_BIAS_102_U,,chan_status701.csv
,CONV3_BIAS_103_U,,chan_status702.csv
,CONV3_BIAS_104_U,,chan_status703.csv
,CONV3_BIAS_105_U,,chan_status704.csv
,CONV3_BIAS_106_U,,chan_status705.csv
,CONV3_BIAS_107_U,,chan_status706.csv
,CONV3_BIAS_108_U,,chan_status707.csv
,CONV3_BIAS_109_U,,chan_status708.csv
,CONV3_BIAS_110_U,,chan_status709.csv
,CONV3_BIAS_111_U,,chan_status710.csv
,CONV3_BIAS_112_U,,chan_status711.csv
,CONV3_BIAS_113_U,,chan_status712.csv
,CONV3_BIAS_114_U,,chan_status713.csv
,CONV3_BIAS_115_U,,chan_status714.csv
,CONV3_BIAS_116_U,,chan_status715.csv
,CONV3_BIAS_117_U,,chan_status716.csv
,CONV3_BIAS_118_U,,chan_status717.csv
,CONV3_BIAS_119_U,,chan_status718.csv
,CONV3_BIAS_120_U,,chan_status719.csv
,CONV3_BIAS_121_U,,chan_status720.csv
,CONV3_BIAS_122_U,,chan_status721.csv
,CONV3_BIAS_123_U,,chan_status722.csv
,CONV3_BIAS_124_U,,chan_status723.csv
,CONV3_BIAS_125_U,,chan_status724.csv
,CONV3_BIAS_126_U,,chan_status725.csv
,CONV3_BIAS_127_U,,chan_status726.csv
,out_r_1_loc_c_U,,chan_status727.csv
,out_c_1_loc_c_U,,chan_status728.csv
,M_c52_U,,chan_status729.csv
,mode_c62_U,,chan_status730.csv
,CONV3_NORM_U,,chan_status731.csv
,CONV3_NORM_1_U,,chan_status732.csv
,CONV3_NORM_2_U,,chan_status733.csv
,CONV3_NORM_3_U,,chan_status734.csv
,CONV3_NORM_4_U,,chan_status735.csv
,CONV3_NORM_5_U,,chan_status736.csv
,CONV3_NORM_6_U,,chan_status737.csv
,CONV3_NORM_7_U,,chan_status738.csv
,CONV3_NORM_8_U,,chan_status739.csv
,CONV3_NORM_9_U,,chan_status740.csv
,CONV3_NORM_10_U,,chan_status741.csv
,CONV3_NORM_11_U,,chan_status742.csv
,CONV3_NORM_12_U,,chan_status743.csv
,CONV3_NORM_13_U,,chan_status744.csv
,CONV3_NORM_14_U,,chan_status745.csv
,CONV3_NORM_15_U,,chan_status746.csv
,CONV3_NORM_16_U,,chan_status747.csv
,CONV3_NORM_17_U,,chan_status748.csv
,CONV3_NORM_18_U,,chan_status749.csv
,CONV3_NORM_19_U,,chan_status750.csv
,CONV3_NORM_20_U,,chan_status751.csv
,CONV3_NORM_21_U,,chan_status752.csv
,CONV3_NORM_22_U,,chan_status753.csv
,CONV3_NORM_23_U,,chan_status754.csv
,CONV3_NORM_24_U,,chan_status755.csv
,CONV3_NORM_25_U,,chan_status756.csv
,CONV3_NORM_26_U,,chan_status757.csv
,CONV3_NORM_27_U,,chan_status758.csv
,CONV3_NORM_28_U,,chan_status759.csv
,CONV3_NORM_29_U,,chan_status760.csv
,CONV3_NORM_30_U,,chan_status761.csv
,CONV3_NORM_31_U,,chan_status762.csv
,CONV3_NORM_32_U,,chan_status763.csv
,CONV3_NORM_33_U,,chan_status764.csv
,CONV3_NORM_34_U,,chan_status765.csv
,CONV3_NORM_35_U,,chan_status766.csv
,CONV3_NORM_36_U,,chan_status767.csv
,CONV3_NORM_37_U,,chan_status768.csv
,CONV3_NORM_38_U,,chan_status769.csv
,CONV3_NORM_39_U,,chan_status770.csv
,CONV3_NORM_40_U,,chan_status771.csv
,CONV3_NORM_41_U,,chan_status772.csv
,CONV3_NORM_42_U,,chan_status773.csv
,CONV3_NORM_43_U,,chan_status774.csv
,CONV3_NORM_44_U,,chan_status775.csv
,CONV3_NORM_45_U,,chan_status776.csv
,CONV3_NORM_46_U,,chan_status777.csv
,CONV3_NORM_47_U,,chan_status778.csv
,CONV3_NORM_48_U,,chan_status779.csv
,CONV3_NORM_49_U,,chan_status780.csv
,CONV3_NORM_50_U,,chan_status781.csv
,CONV3_NORM_51_U,,chan_status782.csv
,CONV3_NORM_52_U,,chan_status783.csv
,CONV3_NORM_53_U,,chan_status784.csv
,CONV3_NORM_54_U,,chan_status785.csv
,CONV3_NORM_55_U,,chan_status786.csv
,CONV3_NORM_56_U,,chan_status787.csv
,CONV3_NORM_57_U,,chan_status788.csv
,CONV3_NORM_58_U,,chan_status789.csv
,CONV3_NORM_59_U,,chan_status790.csv
,CONV3_NORM_60_U,,chan_status791.csv
,CONV3_NORM_61_U,,chan_status792.csv
,CONV3_NORM_62_U,,chan_status793.csv
,CONV3_NORM_63_U,,chan_status794.csv
,CONV3_NORM_64_U,,chan_status795.csv
,CONV3_NORM_65_U,,chan_status796.csv
,CONV3_NORM_66_U,,chan_status797.csv
,CONV3_NORM_67_U,,chan_status798.csv
,CONV3_NORM_68_U,,chan_status799.csv
,CONV3_NORM_69_U,,chan_status800.csv
,CONV3_NORM_70_U,,chan_status801.csv
,CONV3_NORM_71_U,,chan_status802.csv
,CONV3_NORM_72_U,,chan_status803.csv
,CONV3_NORM_73_U,,chan_status804.csv
,CONV3_NORM_74_U,,chan_status805.csv
,CONV3_NORM_75_U,,chan_status806.csv
,CONV3_NORM_76_U,,chan_status807.csv
,CONV3_NORM_77_U,,chan_status808.csv
,CONV3_NORM_78_U,,chan_status809.csv
,CONV3_NORM_79_U,,chan_status810.csv
,CONV3_NORM_80_U,,chan_status811.csv
,CONV3_NORM_81_U,,chan_status812.csv
,CONV3_NORM_82_U,,chan_status813.csv
,CONV3_NORM_83_U,,chan_status814.csv
,CONV3_NORM_84_U,,chan_status815.csv
,CONV3_NORM_85_U,,chan_status816.csv
,CONV3_NORM_86_U,,chan_status817.csv
,CONV3_NORM_87_U,,chan_status818.csv
,CONV3_NORM_88_U,,chan_status819.csv
,CONV3_NORM_89_U,,chan_status820.csv
,CONV3_NORM_90_U,,chan_status821.csv
,CONV3_NORM_91_U,,chan_status822.csv
,CONV3_NORM_92_U,,chan_status823.csv
,CONV3_NORM_93_U,,chan_status824.csv
,CONV3_NORM_94_U,,chan_status825.csv
,CONV3_NORM_95_U,,chan_status826.csv
,CONV3_NORM_96_U,,chan_status827.csv
,CONV3_NORM_97_U,,chan_status828.csv
,CONV3_NORM_98_U,,chan_status829.csv
,CONV3_NORM_99_U,,chan_status830.csv
,CONV3_NORM_100_U,,chan_status831.csv
,CONV3_NORM_101_U,,chan_status832.csv
,CONV3_NORM_102_U,,chan_status833.csv
,CONV3_NORM_103_U,,chan_status834.csv
,CONV3_NORM_104_U,,chan_status835.csv
,CONV3_NORM_105_U,,chan_status836.csv
,CONV3_NORM_106_U,,chan_status837.csv
,CONV3_NORM_107_U,,chan_status838.csv
,CONV3_NORM_108_U,,chan_status839.csv
,CONV3_NORM_109_U,,chan_status840.csv
,CONV3_NORM_110_U,,chan_status841.csv
,CONV3_NORM_111_U,,chan_status842.csv
,CONV3_NORM_112_U,,chan_status843.csv
,CONV3_NORM_113_U,,chan_status844.csv
,CONV3_NORM_114_U,,chan_status845.csv
,CONV3_NORM_115_U,,chan_status846.csv
,CONV3_NORM_116_U,,chan_status847.csv
,CONV3_NORM_117_U,,chan_status848.csv
,CONV3_NORM_118_U,,chan_status849.csv
,CONV3_NORM_119_U,,chan_status850.csv
,CONV3_NORM_120_U,,chan_status851.csv
,CONV3_NORM_121_U,,chan_status852.csv
,CONV3_NORM_122_U,,chan_status853.csv
,CONV3_NORM_123_U,,chan_status854.csv
,CONV3_NORM_124_U,,chan_status855.csv
,CONV3_NORM_125_U,,chan_status856.csv
,CONV3_NORM_126_U,,chan_status857.csv
,CONV3_NORM_127_U,,chan_status858.csv
,M_c_U,,chan_status859.csv
,mode_c_U,,chan_status860.csv
